question,answer
What is AI?,"AI stands for Artificial Intelligence. It simulates human intelligence in machines."
What is Python?,"Python is a high-level, interpreted programming language."
How are you?,"I'm just code, but thanks for asking!"
рдкрд╛рдЗрдерди рдХреНрдпрд╛ рд╣реИ?,"рдкрд╛рдЗрдерди рдПрдХ рдЙрдЪреНрдЪ рд╕реНрддрд░реАрдп рдкреНрд░реЛрдЧреНрд░рд╛рдорд┐рдВрдЧ рднрд╛рд╖рд╛ рд╣реИ рдЬрд┐рд╕рдХрд╛ рдЙрдкрдпреЛрдЧ рд╡реЗрдм рдбреЗрд╡рд▓рдкрдореЗрдВрдЯ, рдСрдЯреЛрдореЗрд╢рди рдФрд░ рдбреЗрдЯрд╛ рд╕рд╛рдЗрдВрд╕ рдореЗрдВ рд╣реЛрддрд╛ рд╣реИред"
What is Python?,"Python is a high-level programming language used for web development, automation, and data science."
HTML рдХреНрдпрд╛ рд╣реИ?,"HTML рдПрдХ рдорд╛рд░реНрдХрдЕрдк рднрд╛рд╖рд╛ рд╣реИ рдЬрд┐рд╕рдХрд╛ рдЙрдкрдпреЛрдЧ рд╡реЗрдм рдкреЗрдЬ рдмрдирд╛рдиреЗ рдХреЗ рд▓рд┐рдП рдХрд┐рдпрд╛ рдЬрд╛рддрд╛ рд╣реИред"
What is HTML?,"HTML is a markup language used to create web pages."
CSS рдХреНрдпреЛрдВ рдЗрд╕реНрддреЗрдорд╛рд▓ рд╣реЛрддреА рд╣реИ?,"CSS рдХрд╛ рдЙрдкрдпреЛрдЧ рд╡реЗрдмрд╕рд╛рдЗрдЯ рдХреЗ рдбрд┐рдЬрд╝рд╛рдЗрди рдФрд░ рд╕реНрдЯрд╛рдЗрд▓ рдХреЛ рдХрдВрдЯреНрд░реЛрд▓ рдХрд░рдиреЗ рдХреЗ рд▓рд┐рдП рдХрд┐рдпрд╛ рдЬрд╛рддрд╛ рд╣реИред"
Why is CSS used?,"CSS is used to control the design and styling of websites."
AI рдХреНрдпрд╛ рд╣реИ?,"AI рдпрд╛рдиреА Artificial Intelligence рдПрдХ рддрдХрдиреАрдХ рд╣реИ рдЬреЛ рдорд╢реАрдиреЛрдВ рдХреЛ рдЗрдВрд╕рд╛рдиреЛрдВ рдХреА рддрд░рд╣ рд╕реЛрдЪрдиреЗ рдФрд░ рдХрд╛рдо рдХрд░рдиреЗ рдХреА рдХреНрд╖рдорддрд╛ рджреЗрддреА рд╣реИред"
What is AI?,"AI or Artificial Intelligence is a technology that allows machines to think and act like humans."
рдЖрдкрдХрд╛ рдирд╛рдо рдХреНрдпрд╛ рд╣реИ?,"рдореЗрд░рд╛ рдирд╛рдо VDA Assistant рд╣реИ, рдореИрдВ рдЖрдкрдХреА рдорджрдж рдХреЗ рд▓рд┐рдП рдпрд╣рд╛рдВ рд╣реВрдВред"
What is your name?,"My name is VDA Assistant, I am here to help you."
Flask рдХреНрдпрд╛ рд╣реИ?,"Flask рдПрдХ рд╣рд▓реНрдХрд╛ Python рд╡реЗрдм рдлреНрд░реЗрдорд╡рд░реНрдХ рд╣реИ рдЬрд┐рд╕рдХрд╛ рдЙрдкрдпреЛрдЧ рд╡реЗрдм рдРрдкреНрд▓рд┐рдХреЗрд╢рди рдмрдирд╛рдиреЗ рдореЗрдВ рд╣реЛрддрд╛ рд╣реИред"
What is Flask?,"Flask is a lightweight Python web framework used to build web applications."
YOLO рдХреНрдпрд╛ рдХрд░рддрд╛ рд╣реИ?,"YOLO рдПрдХ object detection рдореЙрдбрд▓ рд╣реИ рдЬреЛ рдЗрдореЗрдЬ рдпрд╛ рд╡реАрдбрд┐рдпреЛ рдореЗрдВ рдЪреАрдЬрд╝реЛрдВ рдХреА рдкрд╣рдЪрд╛рди рдХрд░рддрд╛ рд╣реИред"
What does YOLO do?,"YOLO is an object detection model that identifies objects in images or videos."
Google рдХреНрдпрд╛ рд╣реИ?,"Google рдПрдХ search engine рд╣реИ рдЬрд┐рд╕рд╕реЗ рдЖрдк рдЗрдВрдЯрд░рдиреЗрдЯ рдкрд░ рдХреЛрдИ рднреА рдЬрд╛рдирдХрд╛рд░реА рдвреВрдВрдв рд╕рдХрддреЗ рд╣реИрдВред"
What is Google?,"Google is a search engine used to find information on the internet."
рдХрдВрдкреНрдпреВрдЯрд░ рдХреНрдпрд╛ рд╣реЛрддрд╛ рд╣реИ?,"рдХрдВрдкреНрдпреВрдЯрд░ рдПрдХ рдЗрд▓реЗрдХреНрдЯреНрд░реЙрдирд┐рдХ рдбрд┐рд╡рд╛рдЗрд╕ рд╣реИ рдЬреЛ рдбрд╛рдЯрд╛ рдХреЛ рдкреНрд░реЛрд╕реЗрд╕ рдХрд░рддрд╛ рд╣реИ рдФрд░ рд░рд┐рдЬрд╝рд▓реНрдЯ рджреЗрддрд╛ рд╣реИред"
What is a computer?,"A computer is an electronic device that processes data and gives output."
CPU рдХрд╛ рдХреНрдпрд╛ рдХрд╛рдо рд╣реЛрддрд╛ рд╣реИ?,"CPU рдХрдВрдкреНрдпреВрдЯрд░ рдХрд╛ рджрд┐рдорд╛рдЧ рд╣реЛрддрд╛ рд╣реИ, рдЬреЛ рд╕рднреА instructions рдХреЛ рдкреНрд░реЛрд╕реЗрд╕ рдХрд░рддрд╛ рд╣реИред"
What does CPU do?,"The CPU is the brain of the computer that processes all instructions."
Python рдХреЛ рдХрд┐рд╕рдиреЗ рдмрдирд╛рдпрд╛?,"Python рдХреА рд░рдЪрдирд╛ Guido van Rossum рдиреЗ 1991 рдореЗрдВ рдХреА рдереАред"
Who created Python?,"Python was created by Guido van Rossum in 1991."
рдХреГрддреНрд░рд┐рдо рдмреБрджреНрдзрд┐рдорддреНрддрд╛ рдХреЗ рдкреНрд░рдХрд╛рд░ рдХреНрдпрд╛ рд╣реИрдВ?,"AI рдХреЗ рдореБрдЦреНрдп рдкреНрд░рдХрд╛рд░ рд╣реИрдВ: Narrow AI, General AI рдФрд░ Super AIред"
What are types of AI?,"Types of AI include Narrow AI, General AI, and Super AI."
Machine Learning рдХреНрдпрд╛ рд╣реИ?,"Machine Learning рдПрдХ AI рддрдХрдиреАрдХ рд╣реИ рдЬрд┐рд╕рд╕реЗ рдХрдВрдкреНрдпреВрдЯрд░ рдмрд┐рдирд╛ рд╕реНрдкрд╖реНрдЯ рдкреНрд░реЛрдЧреНрд░рд╛рдорд┐рдВрдЧ рдХреЗ рд╕реАрдЦрддреЗ рд╣реИрдВред"
What is Machine Learning?,"Machine Learning is a technique that enables computers to learn without being explicitly programmed."
рдбреЗрдЯрд╛ рд╕рд╛рдЗрдВрд╕ рдХреНрдпрд╛ рд╣реИ?,"рдбреЗрдЯрд╛ рд╕рд╛рдЗрдВрд╕ рдПрдХ рдХреНрд╖реЗрддреНрд░ рд╣реИ рдЬреЛ рдбреЗрдЯрд╛ рд╕реЗ рдЬрд╛рдирдХрд╛рд░реА рдирд┐рдХрд╛рд▓рдиреЗ рдХреЗ рд▓рд┐рдП рд╕рд╛рдВрдЦреНрдпрд┐рдХреА, рдкреНрд░реЛрдЧреНрд░рд╛рдорд┐рдВрдЧ рдФрд░ рдбреЛрдореЗрди рдЬреНрдЮрд╛рди рдХрд╛ рдЙрдкрдпреЛрдЧ рдХрд░рддрд╛ рд╣реИред"
What is Data Science?,"Data Science is a field that extracts insights from data using statistics, programming, and domain knowledge."
SQL рдХреНрдпрд╛ рд╣реИ?,"SQL рдПрдХ рднрд╛рд╖рд╛ рд╣реИ рдЬрд┐рд╕рдХрд╛ рдЙрдкрдпреЛрдЧ рдбреЗрдЯрд╛рдмреЗрд╕ рд╕реЗ рдбреЗрдЯрд╛ рдкреНрд░рд╛рдкреНрдд рдХрд░рдиреЗ рдФрд░ рдирд┐рдпрдВрддреНрд░рд┐рдд рдХрд░рдиреЗ рдХреЗ рд▓рд┐рдП рдХрд┐рдпрд╛ рдЬрд╛рддрд╛ рд╣реИред"
What is SQL?,"SQL is a language used to retrieve and manage data from databases."
IP Address рдХреНрдпрд╛ рд╣реЛрддрд╛ рд╣реИ?,"IP Address рдПрдХ рдпреВрдирд┐рдХ рдирдВрдмрд░ рд╣реЛрддрд╛ рд╣реИ рдЬреЛ рд╣рд░ рдЗрдВрдЯрд░рдиреЗрдЯ рдбрд┐рд╡рд╛рдЗрд╕ рдХреЛ рдкрд╣рдЪрд╛рдиреЗ рдореЗрдВ рдорджрдж рдХрд░рддрд╛ рд╣реИред"
What is an IP Address?,"An IP address is a unique number that identifies each device on the internet."
RAM рдХрд╛ рдХреНрдпрд╛ рдХрд╛рдо рд╣реЛрддрд╛ рд╣реИ?,"RAM рдЕрд╕реНрдерд╛рдпреА рдореЗрдореЛрд░реА рд╣реЛрддреА рд╣реИ рдЬреЛ рдХрдВрдкреНрдпреВрдЯрд░ рдореЗрдВ рдЪрд▓ рд░рд╣реЗ рдкреНрд░реЛрдЧреНрд░рд╛рдореНрд╕ рдХреЛ рдлрд╛рд╕реНрдЯ рдПрдХреНрд╕реЗрд╕ рджреЗрддреА рд╣реИред"
What is the function of RAM?,"RAM is temporary memory that provides fast access to running programs on a computer."
Cloud Computing рдХреНрдпрд╛ рд╣реИ?,"Cloud Computing рдПрдХ рддрдХрдиреАрдХ рд╣реИ рдЬрд┐рд╕рд╕реЗ рдЖрдк рдЗрдВрдЯрд░рдиреЗрдЯ рдХреЗ рдорд╛рдзреНрдпрдо рд╕реЗ рд╕рд░реНрд╡рд░, рд╕реНрдЯреЛрд░реЗрдЬ рдФрд░ рдПрдкреНрд▓рд┐рдХреЗрд╢рди рдПрдХреНрд╕реЗрд╕ рдХрд░ рд╕рдХрддреЗ рд╣реИрдВред"
What is Cloud Computing?,"Cloud Computing is a technology that allows you to access servers, storage, and applications via the internet."
GitHub рдХреНрдпрд╛ рд╣реИ?,"GitHub рдПрдХ рдкреНрд▓реЗрдЯрдлрд╝реЙрд░реНрдо рд╣реИ рдЬрд╣рд╛рдБ рдЖрдк рдХреЛрдб рдХреЛ рд╕реНрдЯреЛрд░, рд╕рд╛рдЭрд╛ рдФрд░ collaborate рдХрд░ рд╕рдХрддреЗ рд╣реИрдВред"
What is GitHub?,"GitHub is a platform for hosting, sharing, and collaborating on code projects."
VDA рдХреНрдпрд╛ рд╣реИ?,"VDA рдПрдХ рд╡рд░реНрдЪреБрдЕрд▓ рдбрд┐рдЬрд┐рдЯрд▓ рдЕрд╕рд┐рд╕реНрдЯреЗрдВрдЯ рд╣реИ рдЬреЛ рд╡реЙрдЗрд╕ рдХрдорд╛рдВрдбреНрд╕ рдФрд░ рдЗрдВрдЯреЗрд▓рд┐рдЬреЗрдВрд╕ рдХреЗ рд╕рд╛рде рдХрд╛рдо рдХрд░рддрд╛ рд╣реИред"
What is VDA?,"VDA is a Virtual Digital Assistant that works with voice commands and intelligence."
hi,"Hello! How can I assist you today?"
hello,"Hi there! ЁЯШК How can I help you?"
hey,"Hey! Need any help?"
how are you?,"I'm just a bunch of code, but I'm functioning perfectly fine. Thank you!"
what is your name?,"I'm VDA Assistant тАФ your voice-powered digital helper."
who are you?,"I'm your VDA Assistant, here to assist you with smart answers and actions."
thank you,"You're welcome! ЁЯШК"
thanks,"Anytime! Glad to help."
good morning,"Good morning! тШАя╕П Hope you have a productive day."
good night,"Good night! ЁЯМЩ Sleep well."
рдирдорд╕реНрддреЗ,"рдирдорд╕реНрддреЗ! рдореИрдВ VDA Assistant рд╣реВрдВ, рдЖрдкрдХреА рдорджрдж рдХреЗ рд▓рд┐рдП рддреИрдпрд╛рд░ред"
рдХреИрд╕реЗ рд╣реЛ?,"рдореИрдВ рдПрдХ рдбрд┐рдЬрд┐рдЯрд▓ рдЕрд╕рд┐рд╕реНрдЯреЗрдВрдЯ рд╣реВрдВ, рдФрд░ рдмрд┐рд▓реНрдХреБрд▓ рдареАрдХ рдХрд╛рдо рдХрд░ рд░рд╣рд╛ рд╣реВрдВ!"
рдЖрдкрдХрд╛ рдирд╛рдо рдХреНрдпрд╛ рд╣реИ?,"рдореЗрд░рд╛ рдирд╛рдо VDA Assistant рд╣реИ, рдореИрдВ рдЖрдкрдХреА рд╕рд╣рд╛рдпрддрд╛ рдХреЗ рд▓рд┐рдП рдпрд╣рд╛рдВ рд╣реВрдВред"
рдЖрдк рдХреМрди рд╣реЛ?,"рдореИрдВ VDA Assistant рд╣реВрдВ тАФ рдПрдХ рд╡реЙрдпрд╕ рдкрд╛рд╡рд░реНрдб рдбрд┐рдЬрд┐рдЯрд▓ рд╣реЗрд▓реНрдкрд░ред"
рдзрдиреНрдпрд╡рд╛рдж,"рдЖрдкрдХрд╛ рд╕реНрд╡рд╛рдЧрдд рд╣реИ! ЁЯШК"
рд╢реБрдХреНрд░рд┐рдпрд╛,"рдореБрдЭреЗ рдЦреБрд╢реА рд╣реБрдИ рдорджрдж рдХрд░рдХреЗред"
рд╕реБрдкреНрд░рднрд╛рдд,"рд╕реБрдкреНрд░рднрд╛рдд! тШАя╕П рдЖрдкрдХрд╛ рджрд┐рди рд╢реБрдн рд╣реЛред"
рд╢реБрдн рд░рд╛рддреНрд░рд┐,"рд╢реБрдн рд░рд╛рддреНрд░рд┐! ЁЯМЩ рдЕрдЪреНрдЫреЗ рд╕реЗ рдЖрд░рд╛рдо рдХрд░реЗрдВред"
